age,income,account_balance,visits_last_month,avg_session_minutes,purchased,gender_Male,gender_Other,product_type_Plus,product_type_Premium
76.0,41122.73,22392.02,1.0,13.62,0,False,False,False,True
56.0,85886.3,24389.82,3.0,12.54,1,True,False,False,False
60.0,66175.29,24093.1,3.0,12.89,1,True,False,False,False
73.0,74328.5,26118.14,4.0,22.87,1,True,False,True,False
53.0,90034.21,13834.54,3.0,19.95,1,False,False,False,True
66.0,35337.35,13606.94,2.0,7.81,1,True,False,False,True
69.0,54317.4,21600.41,2.0,8.2,0,True,False,True,False
31.0,73506.7,4067.81,3.0,22.41,1,True,False,False,False
21.0,77841.9,16675.43,2.0,10.22,1,False,False,True,False
36.0,62458.51,10755.53,3.0,20.39,0,False,False,True,False
35.0,90583.58,12049.69,4.0,21.71,1,False,True,False,True
72.0,74207.9,1067.88,2.0,8.87,1,True,False,False,True
74.0,45732.36,7875.65,3.0,10.5,0,True,False,True,False
18.0,51384.72,14836.05,2.0,12.62,1,False,False,False,True
48.0,86109.42,22107.63,2.0,6.94,0,False,False,True,False
68.0,79276.63,22920.21,6.0,6.25,1,True,False,False,True
26.0,32018.78,14357.39,3.0,9.71,0,False,False,True,False
67.0,96954.25,13485.69,0.0,17.24,1,False,False,False,False
25.0,81960.54,8354.57,2.0,9.43,0,False,False,True,False
47.0,96866.86,18218.85,3.0,10.88,0,False,False,True,False
68.0,62325.98,13019.38,5.0,9.33,0,True,False,False,False
36.0,64085.88,19847.08,1.0,3.93,0,False,False,False,False
39.0,47470.86,29013.49,7.0,21.03,0,True,False,False,False
35.0,120738.59,14741.0,3.0,0.5,1,True,False,True,False
62.0,66490.92,3021.16,0.0,8.2,1,True,False,False,False
33.0,101750.66,8113.2,1.0,15.47,0,True,False,False,False
79.0,57054.15,3334.82,4.0,3.74,1,False,False,False,True
45.0,73276.82,5423.12,4.0,15.75,0,False,False,False,True
47.0,36572.95,25442.17,2.0,19.63,0,True,False,False,True
49.0,62342.66,16813.28,3.0,6.96,0,False,False,False,True
54.0,89675.1,2838.6,3.0,13.37,1,False,False,True,False
52.0,44965.12,20229.06,6.0,5.46,1,True,False,True,False
49.0,91444.55,25083.0,6.0,15.16,1,False,False,True,False
79.0,76744.76,12121.0,3.0,12.65,1,True,False,True,False
68.0,49120.98,9592.07,4.0,13.41,0,False,False,False,False
67.0,68425.04,12300.98,4.0,20.31,0,False,False,False,False
61.0,60818.69,17276.85,2.0,14.94,0,False,False,True,False
56.0,69009.61,20119.76,6.0,20.19,0,False,False,True,False
39.0,59277.12,24457.73,6.0,15.92,1,False,False,False,True
79.0,53454.24,24699.83,4.0,4.92,0,False,False,False,False
46.0,63908.25,24483.23,1.0,13.68,0,True,False,False,False
31.0,49462.21,25895.37,2.0,15.05,0,True,False,False,False
70.0,44209.47,20291.1,1.0,3.44,0,False,False,False,False
27.0,69036.47,2752.75,1.0,20.12,1,False,False,False,False
71.0,68425.04,13952.29,2.0,12.52,1,False,False,True,False
55.0,39412.57,17511.36,4.0,14.32,1,False,False,False,True
25.0,70070.16,11934.99,3.0,6.74,1,False,False,False,False
20.0,57000.88,22290.09,3.0,12.55,1,False,False,False,False
45.0,50457.09,12118.29,5.0,13.92,0,False,False,True,False
20.0,87068.75,7594.02,2.0,10.16,0,False,False,False,False
26.0,59636.61,26554.39,1.0,12.6,0,False,False,False,False
49.0,99966.03,20328.03,2.0,0.5,1,False,False,False,True
78.0,54403.21,16754.03,4.0,20.29,0,False,False,False,False
46.0,77730.04,22413.67,8.0,5.43,1,False,False,False,False
68.0,65454.34,23500.27,5.0,0.5,1,True,False,True,False
74.0,54919.56,17728.29,2.0,6.35,0,False,False,True,False
69.0,81753.5,0.0,2.0,7.1,0,True,False,False,True
57.0,66900.35,9595.28,2.0,15.38,0,False,False,True,False
45.0,82064.21,11347.37,5.0,6.63,0,False,False,False,False
49.0,69054.17,7126.39,4.0,13.82,0,False,True,False,False
34.0,48283.67,16589.42,2.0,6.35,0,False,False,True,False
48.0,67958.62,24537.62,1.0,25.35,1,False,False,True,False
41.0,71039.1,11120.76,1.0,15.38,0,False,False,False,False
33.0,89169.26,5921.34,3.0,23.85,1,False,False,False,False
79.0,51874.62,31224.28,1.0,6.02,0,False,False,False,False
18.0,69213.4,11388.5,5.0,16.09,0,True,False,False,False
24.0,35562.43,5136.28,5.0,6.37,1,True,False,False,False
29.0,83029.86,16901.42,4.0,15.58,1,False,False,False,False
78.0,48370.34,18405.46,1.0,16.17,0,False,False,True,False
60.0,33872.81,9359.6,3.0,2.54,0,False,False,False,False
72.0,68815.66,21323.63,5.0,5.28,0,False,False,False,True
30.0,92113.7,11101.44,1.0,5.1,1,False,False,True,False
62.0,39511.06,7616.39,2.0,3.08,0,False,False,False,False
40.0,48239.29,16428.73,3.0,7.71,0,False,False,False,True
48.0,55134.5,21166.15,7.0,6.34,1,False,False,True,False
18.0,47410.07,9929.19,2.0,3.42,0,True,False,False,True
56.0,77588.56,17645.0,1.0,12.68,1,False,False,False,False
69.0,53852.65,14252.07,0.0,15.36,0,False,False,False,True
59.0,55569.71,37595.47,7.0,4.2,1,False,False,True,False
27.0,81666.11,9331.52,2.0,8.75,0,True,False,False,False
51.0,54889.71,26073.37,2.0,12.13,0,True,False,False,False
34.0,78655.6,14581.23,2.0,10.69,0,False,False,False,False
77.0,50572.3,13985.9,2.0,7.88,0,True,False,False,False
72.0,45757.23,20773.32,4.0,16.94,0,False,False,False,False
29.0,33291.01,22151.92,3.0,17.16,0,True,False,False,False
49.0,107224.06,25136.13,4.0,16.16,1,False,False,True,False
76.0,63594.82,17629.21,0.0,10.83,1,True,False,False,False
70.0,74878.67,10196.83,5.0,23.99,0,False,False,False,False
61.0,69379.01,10698.83,7.0,22.52,1,True,False,False,False
57.0,73199.24,19077.23,4.0,9.66,0,True,False,False,False
20.0,70993.73,19647.2,0.0,11.35,1,False,False,False,False
63.0,108164.34,26184.41,4.0,19.2,1,False,False,False,False
47.0,49221.47,18347.44,4.0,7.27,0,True,False,True,False
23.0,38850.76,23481.35,7.0,14.46,1,True,False,False,False
33.0,49760.81,27134.17,2.0,12.34,0,False,False,False,True
51.0,43305.82,16318.4,5.0,7.85,1,True,False,False,True
63.0,84939.24,3115.53,2.0,10.67,1,True,False,True,False
49.0,86407.56,5565.78,2.0,2.63,1,False,False,False,False
56.0,50773.69,3497.58,2.0,8.8,1,True,False,False,False
72.0,42191.28,27732.72,2.0,0.5,0,True,False,True,False
60.0,62904.07,8220.73,5.0,25.74,1,False,False,False,True
40.0,97822.48,24854.73,3.0,21.09,1,True,False,False,True
57.0,15000.0,19685.86,4.0,19.43,0,False,True,True,False
55.0,80532.54,28722.15,8.0,13.87,1,False,False,False,True
24.0,48484.9,23024.75,4.0,18.04,0,True,False,False,False
21.0,90807.34,14181.04,2.0,19.68,0,False,False,True,False
58.0,48441.52,13399.76,3.0,18.15,1,True,False,False,False
42.0,64291.68,15681.34,3.0,17.56,1,False,False,False,False
55.0,39874.42,16402.09,5.0,6.57,0,True,False,True,False
38.0,50454.84,10754.05,3.0,14.62,1,True,False,True,False
31.0,97716.78,14738.97,5.0,8.83,0,False,False,False,True
27.0,86411.57,27874.56,2.0,4.96,1,True,False,False,False
41.0,61966.64,1382.89,0.0,12.08,0,False,False,False,False
68.0,52596.55,17067.91,4.0,14.6,1,True,False,False,False
42.0,32123.86,7744.38,3.0,18.35,0,False,False,False,False
41.0,62126.87,16496.3,3.0,3.83,1,True,False,False,False
53.0,69381.93,21718.85,7.0,22.5,0,False,False,False,False
78.0,68318.91,14539.12,3.0,20.84,0,False,False,False,True
42.0,68124.16,21183.9,6.0,9.74,1,False,False,False,False
54.0,47563.81,2281.28,3.0,9.25,0,True,False,False,False
45.0,68674.52,23855.91,2.0,11.59,1,True,False,False,False
55.0,69226.53,10174.97,4.0,17.91,0,False,False,False,False
45.0,95811.24,19979.26,4.0,9.72,1,False,False,False,False
57.0,107334.67,16459.58,2.0,5.38,1,True,False,True,False
51.0,67260.22,0.0,1.0,14.08,1,False,False,False,False
59.0,54673.88,8951.49,7.0,0.5,0,False,False,False,False
77.0,68700.36,16764.07,3.0,12.86,0,False,False,True,False
27.0,57847.57,27431.81,3.0,18.96,1,True,False,False,False
52.0,55151.32,17298.15,4.0,13.84,0,True,False,False,True
45.0,68827.0,17061.57,5.0,16.69,1,False,False,False,False
40.0,49133.91,3698.53,3.0,14.97,1,False,False,False,False
32.0,82122.14,26449.17,8.0,16.37,0,True,False,False,True
21.0,67921.69,29456.62,2.0,12.87,1,True,False,False,False
42.0,75000.17,15228.6,3.0,7.03,0,True,False,False,False
69.0,66341.2,13241.94,1.0,10.65,0,False,False,False,False
23.0,55454.91,2047.6,0.0,11.56,1,False,False,True,False
43.0,51040.81,22066.57,5.0,19.55,0,True,False,False,False
78.0,65254.48,36618.23,2.0,21.76,0,False,False,False,False
76.0,59024.79,20736.9,4.0,14.52,1,False,False,True,False
31.0,74678.03,25109.63,2.0,7.48,1,False,False,True,False
18.0,69911.37,19336.7,4.0,7.62,1,True,False,False,False
59.0,42753.87,7119.87,2.0,10.87,0,True,False,True,False
18.0,71342.43,25693.38,2.0,20.33,1,True,False,False,True
36.0,43142.79,5123.4,0.0,14.01,0,False,False,True,False
48.0,57670.45,13314.68,3.0,11.67,1,True,False,False,False
72.0,64112.93,17230.81,2.0,7.41,1,True,False,True,False
23.0,28494.53,22063.28,4.0,17.29,0,True,False,True,False
50.0,71830.15,18327.89,1.0,13.74,0,False,False,False,False
51.0,73019.67,18094.68,2.0,11.7,0,False,False,False,True
26.0,66839.52,8908.1,3.0,12.62,0,True,False,False,False
70.0,61513.65,4685.03,2.0,22.12,0,True,False,True,False
70.0,62527.93,15491.85,4.0,11.04,0,True,False,False,False
47.0,50469.21,9318.44,3.0,22.13,0,True,False,True,False
76.0,64605.99,4537.71,0.0,19.45,1,False,True,True,False
55.0,58947.76,4872.43,2.0,12.31,1,False,False,False,True
74.0,71833.71,11078.97,3.0,17.3,0,True,False,False,False
77.0,45917.28,179.37,2.0,11.26,0,False,False,False,False
53.0,74711.8,4220.25,5.0,7.03,1,True,False,True,False
35.0,72864.38,1918.9,1.0,10.39,1,True,False,False,True
50.0,67168.74,16458.08,6.0,6.56,0,True,False,True,False
52.0,61215.9,18263.87,2.0,15.07,0,True,False,False,True
29.0,81046.8,31057.13,1.0,12.09,1,False,False,True,False
64.0,36707.97,3019.76,3.0,15.41,0,True,False,False,True
75.0,79209.07,9563.22,2.0,16.96,1,False,False,False,False
33.0,74860.75,22300.89,5.0,0.5,1,False,False,False,True
52.0,75667.53,13265.81,2.0,13.87,1,False,False,True,False
21.0,77666.25,12384.02,3.0,1.19,0,True,False,False,True
29.0,56927.11,28673.36,4.0,13.0,1,True,False,False,False
41.0,64810.8,12292.75,9.0,6.74,0,False,False,True,False
72.0,82741.17,5750.44,2.0,12.63,1,False,False,False,True
78.0,78612.78,4464.48,6.0,20.19,1,False,False,True,False
57.0,74134.26,17685.55,3.0,1.75,1,True,False,False,False
54.0,39713.6,17441.93,2.0,13.14,0,True,False,False,False
53.0,80757.74,4026.38,3.0,11.53,1,False,False,False,True
21.0,93389.42,7116.83,0.0,0.65,1,False,False,True,False
41.0,90193.43,19277.7,2.0,15.89,0,True,False,False,False
78.0,74677.56,19618.13,2.0,12.21,0,False,False,False,False
43.0,38846.43,9854.22,1.0,8.95,1,True,False,True,False
31.0,88850.9,19977.73,3.0,7.67,0,False,False,False,False
32.0,67054.91,19574.84,3.0,31.28,0,False,False,False,False
62.0,19349.61,735.35,6.0,9.64,0,False,False,True,False
20.0,77544.15,12503.49,3.0,1.2,1,True,False,False,False
78.0,40156.56,18321.0,6.0,6.41,1,False,False,False,False
72.0,44071.19,10415.39,5.0,9.8,1,False,False,False,True
53.0,57300.82,0.0,1.0,9.69,0,False,True,False,False
46.0,95451.82,12735.88,2.0,11.53,1,False,False,False,False
65.0,62583.09,21016.75,0.0,5.72,0,True,False,False,True
51.0,75419.83,27643.24,7.0,15.25,0,False,True,True,False
47.0,104959.36,0.0,3.0,9.1,1,False,False,False,False
37.0,101880.6,35906.57,3.0,3.84,1,False,False,False,True
45.0,67932.93,5982.91,2.0,7.11,1,False,False,False,False
64.0,65169.58,22655.77,5.0,9.69,0,True,False,False,False
21.0,44782.59,24873.58,5.0,17.09,0,False,False,False,True
19.0,56110.84,22864.14,2.0,14.91,0,False,False,True,False
62.0,78507.17,16196.95,1.0,9.97,1,True,False,False,False
41.0,77914.62,5708.66,4.0,12.12,1,True,False,True,False
67.0,72204.76,20012.47,4.0,13.29,0,True,False,False,False
19.0,89896.03,9278.13,8.0,24.23,1,True,False,False,False
74.0,54552.64,0.0,4.0,8.29,1,False,True,True,False
25.0,68878.47,37631.19,2.0,14.8,1,True,False,False,True
43.0,84624.86,20664.82,3.0,16.36,0,True,False,False,False
77.0,81682.92,29544.62,3.0,6.28,1,False,False,False,False
24.0,91418.92,7707.02,2.0,13.14,0,True,False,False,False
58.0,77940.41,26740.02,3.0,12.98,0,True,False,False,False
63.0,63811.95,27718.95,2.0,9.18,0,False,False,True,False
44.0,77243.85,27436.4,3.0,15.41,1,True,False,True,False
22.0,49948.1,14830.35,2.0,18.17,0,False,False,True,False
50.0,37210.81,5380.3,1.0,18.78,0,False,False,False,True
44.0,81613.44,13581.5,4.0,10.85,1,False,False,True,False
72.0,68897.19,0.0,2.0,13.14,0,True,False,True,False
60.0,76168.19,1383.9,4.0,26.1,1,True,False,True,False
39.0,36046.31,15735.51,4.0,5.38,0,False,False,True,False
21.0,62697.72,7068.81,2.0,13.33,1,False,False,True,False
54.0,58002.86,13684.43,5.0,17.34,0,False,False,False,True
35.0,52715.76,14128.0,1.0,12.9,0,False,False,False,False
60.0,24899.7,30445.82,1.0,15.94,0,False,False,True,False
71.0,63302.53,25381.01,6.0,13.04,1,True,False,False,False
40.0,87946.09,14641.02,4.0,16.52,1,False,False,False,False
74.0,77619.95,24671.2,1.0,19.7,1,True,False,False,True
50.0,57981.07,8762.29,3.0,10.67,0,True,False,False,False
50.0,69702.48,12304.82,1.0,13.19,0,False,False,True,False
65.0,85136.0,22281.79,5.0,11.67,0,True,False,False,False
66.0,15000.0,5066.72,0.0,9.58,0,False,False,True,False
74.0,67509.27,12768.15,3.0,11.88,1,False,False,False,False
79.0,80864.0,4433.23,0.0,5.21,0,True,False,True,False
27.0,83642.57,15939.78,3.0,16.47,0,False,False,False,True
43.0,104014.6,28060.13,4.0,22.21,1,True,False,True,False
75.0,92700.91,8983.22,3.0,22.23,1,False,True,True,False
37.0,76251.26,16807.04,3.0,19.66,0,True,False,True,False
18.0,76039.52,7821.42,3.0,6.22,1,False,False,False,False
53.0,85738.91,5803.61,2.0,21.12,0,False,False,True,False
64.0,59213.46,5113.2,2.0,7.71,1,False,False,False,False
64.0,69196.24,26638.02,2.0,11.68,0,False,False,False,False
68.0,88124.78,33899.48,3.0,23.08,1,True,False,True,False
57.0,109148.9,18864.35,1.0,5.57,1,False,False,False,True
26.0,66814.65,9269.66,2.0,17.05,1,False,False,True,False
70.0,69031.99,20639.13,1.0,13.69,0,True,False,True,False
43.0,73969.6,12325.41,4.0,11.09,0,True,False,False,False
70.0,96864.07,21411.19,0.0,6.74,1,False,False,False,True
68.0,69393.73,17327.95,4.0,14.54,0,False,False,False,False
78.0,99387.18,17237.63,6.0,9.22,0,True,False,True,False
18.0,50666.86,19858.21,4.0,18.27,0,False,False,True,False
71.0,66279.27,10364.05,3.0,19.35,1,True,False,True,False
56.0,66036.7,11765.06,4.0,3.72,0,False,False,False,False
48.0,85730.11,1230.04,3.0,8.97,1,False,False,False,False
67.0,90905.21,11465.04,3.0,10.09,1,True,False,False,False
77.0,39811.11,3621.34,3.0,4.91,0,True,False,False,False
49.0,51697.65,13842.55,1.0,5.29,1,True,False,True,False
23.0,76737.05,7338.95,3.0,12.53,0,False,False,False,False
63.0,56826.13,15809.88,5.0,10.75,1,True,False,False,False
32.0,39551.44,18625.91,6.0,2.09,1,True,False,True,False
32.0,90769.6,3639.02,2.0,8.77,1,False,True,False,False
29.0,79879.4,8493.77,4.0,15.11,1,True,False,True,False
30.0,79863.55,7453.5,4.0,4.76,0,False,False,False,False
74.0,60491.09,20971.95,4.0,6.46,0,False,False,False,False
40.0,90578.77,28650.9,5.0,21.53,1,False,False,True,False
24.0,65200.8,21812.29,2.0,19.9,1,True,False,False,True
29.0,91928.71,12204.65,4.0,2.27,0,True,False,False,False
42.0,51766.7,26720.05,4.0,3.89,1,True,False,False,False
39.0,52917.29,2887.14,4.0,14.26,0,False,False,False,False
37.0,74093.26,26994.86,2.0,4.85,0,True,False,True,False
76.0,55953.36,9750.29,2.0,10.48,0,True,False,False,True
71.0,83509.02,0.0,1.0,9.29,0,True,False,False,False
53.0,75201.75,36206.44,6.0,15.36,0,True,False,False,False
79.0,51540.58,27624.18,2.0,0.5,1,False,False,False,False
39.0,71457.31,6744.93,2.0,0.5,0,True,False,False,False
26.0,62974.45,16352.07,2.0,4.64,0,True,False,True,False
34.0,88316.66,13284.0,2.0,18.08,1,True,False,True,False
23.0,57348.94,15817.77,4.0,11.07,0,True,False,True,False
77.0,61216.54,3133.71,2.0,1.75,0,True,False,False,False
31.0,94224.74,9548.05,3.0,14.96,0,True,False,False,False
45.0,114771.87,18743.69,3.0,16.25,1,False,False,False,True
30.0,109980.17,16781.57,0.0,10.52,0,True,False,False,False
78.0,71264.46,24593.91,3.0,10.02,0,False,False,False,False
27.0,74377.09,15638.0,2.0,14.63,0,True,False,False,False
49.0,100669.17,33793.77,2.0,19.26,1,True,False,False,True
76.0,67511.3,9274.15,5.0,12.91,1,True,False,True,False
50.0,50473.02,17074.66,2.0,15.2,1,False,False,True,False
73.0,72337.51,0.0,3.0,11.71,1,True,False,True,False
73.0,79030.34,4974.93,2.0,9.71,1,True,False,False,True
65.0,53417.01,25628.21,4.0,6.5,0,False,False,True,False
64.0,37075.38,7457.58,4.0,13.54,0,True,False,False,False
53.0,41265.41,19245.4,3.0,10.2,0,True,False,False,False
54.0,83308.59,14505.83,1.0,10.54,1,True,False,False,False
69.0,54832.47,6643.61,3.0,17.58,0,False,False,False,False
44.0,67173.06,12214.01,1.0,14.93,1,True,False,False,True
76.0,74251.17,10886.13,2.0,17.22,0,False,False,True,False
72.0,82382.82,11101.07,2.0,2.55,1,True,False,False,False
41.0,63301.94,21028.87,5.0,15.35,1,False,False,True,False
43.0,79974.31,20218.76,6.0,8.46,1,False,False,False,False
62.0,52198.79,10380.59,3.0,7.15,1,False,False,True,False
75.0,62765.72,7743.18,5.0,6.89,0,False,False,False,True
23.0,49511.69,17258.7,1.0,19.27,1,True,False,False,False
22.0,92635.34,14199.88,5.0,16.97,0,True,False,True,False
33.0,69458.34,23226.26,5.0,7.7,0,False,True,True,False
44.0,55213.85,36242.35,2.0,5.17,0,True,False,False,True
28.0,62952.56,21743.4,1.0,12.08,0,False,False,False,False
50.0,65565.43,14722.16,1.0,9.24,0,False,False,True,False
51.0,84010.4,13623.65,7.0,21.96,1,False,True,False,False
76.0,38087.28,8146.45,2.0,3.23,0,True,False,True,False
64.0,49255.88,7746.62,5.0,1.02,0,True,False,False,True
33.0,62437.85,6972.68,2.0,10.47,1,False,False,True,False
66.0,120646.12,11837.32,0.0,12.06,1,False,False,False,False
67.0,89113.58,11582.85,3.0,12.8,0,False,False,False,True
60.0,67770.97,20949.85,2.0,16.52,1,False,False,True,False
59.0,84239.99,11808.01,5.0,24.44,0,False,False,True,False
37.0,111148.72,13420.4,4.0,9.95,0,False,False,False,True
62.0,65325.12,5253.81,1.0,8.73,0,False,False,True,False
26.0,62671.73,28156.61,0.0,1.44,0,True,False,False,False
57.0,94238.87,19055.89,3.0,13.46,1,False,False,False,False
75.0,79883.51,29310.99,4.0,17.12,0,True,False,True,False
78.0,83426.66,21375.09,3.0,10.44,1,False,False,False,False
36.0,59835.55,26917.09,0.0,19.08,0,True,False,False,False
38.0,108484.06,13012.1,4.0,12.18,1,False,False,False,False
56.0,104191.82,20737.29,3.0,21.09,1,False,False,False,False
42.0,81318.96,36644.05,3.0,14.0,1,True,False,False,False
63.0,83685.8,5211.72,5.0,5.66,1,False,False,False,False
30.0,29454.78,24410.15,2.0,8.18,0,False,False,True,False
28.0,82754.2,28583.55,3.0,2.8,1,True,False,False,False
21.0,66117.83,18369.02,1.0,1.58,0,False,False,False,False
47.0,78678.11,21121.7,1.0,13.6,0,False,False,True,False
31.0,83649.19,25237.08,2.0,17.22,0,True,False,True,False
36.0,63174.16,9637.64,3.0,23.73,0,False,False,False,True
74.0,36190.36,18339.29,4.0,11.67,0,True,False,False,False
68.0,77357.49,7895.96,5.0,10.58,1,True,False,True,False
70.0,55172.33,9470.02,3.0,5.35,0,False,False,False,False
54.0,63396.12,9947.5,6.0,17.92,1,True,False,False,False
24.0,57909.8,13829.85,2.0,14.34,0,False,False,False,False
64.0,63168.51,16198.21,3.0,8.43,0,True,False,True,False
55.0,23809.58,18704.27,6.0,16.13,0,False,False,True,False
50.0,94338.94,3392.73,2.0,15.37,0,True,False,False,True
47.0,75066.92,31214.2,7.0,0.78,0,False,False,True,False
28.0,92227.99,24468.23,9.0,16.46,1,False,False,False,False
54.0,109596.84,20948.5,3.0,12.82,1,True,False,True,False
46.0,70451.86,12067.76,0.0,9.65,0,False,False,False,False
58.0,33951.27,14269.55,5.0,9.5,0,False,False,True,False
41.0,52122.26,19489.33,1.0,22.49,0,True,False,True,False
37.0,45861.91,18371.52,3.0,21.22,0,False,False,False,False
25.0,59962.51,1231.5,4.0,22.96,1,False,False,True,False
77.0,71592.96,21074.23,3.0,5.11,1,True,False,False,False
64.0,29956.25,38905.98,4.0,8.07,0,True,False,False,False
46.0,76849.51,0.0,2.0,17.43,0,True,False,False,False
32.0,39792.87,23157.42,2.0,4.75,1,False,False,True,False
56.0,75947.31,18028.02,2.0,7.68,1,False,False,True,False
43.0,67810.18,14084.68,7.0,1.17,0,True,False,False,False
57.0,63727.38,26256.13,6.0,23.12,0,False,False,True,False
23.0,68539.14,5291.23,5.0,18.38,1,True,False,False,True
29.0,59204.44,16336.76,0.0,14.75,0,False,False,False,True
63.0,57750.57,27015.64,4.0,13.32,0,False,False,True,False
21.0,36344.87,13383.21,5.0,9.5,1,True,False,False,False
60.0,69407.45,11565.9,2.0,9.61,0,False,False,False,False
43.0,106910.67,15943.82,4.0,15.69,1,False,False,False,True
18.0,109609.9,11345.96,2.0,7.73,1,False,True,False,True
65.0,96436.35,27713.35,5.0,19.36,1,True,False,False,True
61.0,84116.03,7545.22,2.0,9.04,0,True,False,False,False
68.0,56470.4,22175.45,3.0,6.76,0,False,False,False,False
73.0,98855.02,4706.53,3.0,19.79,1,True,False,False,False
63.0,68877.45,20500.58,2.0,11.14,1,False,False,True,False
70.0,68622.49,14137.6,2.0,15.33,0,True,False,False,True
25.0,64175.46,0.0,2.0,9.51,1,True,False,True,False
74.0,71839.24,14950.85,2.0,0.5,1,False,True,False,False
74.0,61295.7,6225.73,6.0,15.28,0,True,False,True,False
61.0,68324.36,11345.75,4.0,3.92,1,True,False,False,False
67.0,48308.02,27652.41,2.0,18.49,0,True,False,True,False
63.0,62526.73,5811.35,2.0,2.7,0,False,False,False,False
72.0,115611.13,6280.4,2.0,0.81,0,False,False,False,False
73.0,68608.12,26847.06,2.0,13.85,1,True,False,False,False
50.0,65226.79,15953.58,4.0,14.55,1,False,False,False,False
68.0,80647.49,27677.85,2.0,12.64,1,True,False,False,False
74.0,84162.44,17660.86,0.0,4.72,1,False,False,False,True
36.0,47724.62,7743.48,3.0,17.33,0,True,False,True,False
20.0,65856.82,14454.66,2.0,3.21,0,False,False,False,False
28.0,88365.52,25113.03,0.0,9.21,1,False,False,False,True
19.0,75396.75,22740.04,3.0,7.27,0,True,False,False,False
44.0,72439.08,15007.29,3.0,9.73,1,False,False,False,False
19.0,101080.35,15401.15,3.0,17.12,1,False,False,False,True
34.0,56444.54,14074.4,2.0,8.2,1,False,False,False,True
33.0,71654.92,10242.66,4.0,15.39,0,True,False,True,False
61.0,59598.83,30887.04,3.0,16.16,1,False,False,False,False
33.0,99806.16,15059.15,2.0,1.73,1,False,False,True,False
76.0,30962.79,5696.73,1.0,5.0,0,False,False,False,False
29.0,56597.17,11076.66,9.0,9.7,1,False,False,False,False
78.0,59416.86,20974.56,3.0,8.45,0,True,False,False,True
53.0,83270.79,20276.48,3.0,13.85,0,True,False,False,False
33.0,82125.51,13872.01,1.0,0.5,1,False,False,False,False
20.0,97903.89,9501.94,2.0,16.32,1,False,False,False,False
36.0,38519.34,15196.66,2.0,16.47,0,False,False,True,False
54.0,85009.5,1234.5,1.0,10.99,1,False,False,True,False
24.0,64134.4,4292.45,3.0,3.7,0,True,False,False,False
28.0,56687.5,21571.2,6.0,12.03,0,True,False,False,False
25.0,80791.37,11057.85,4.0,8.78,0,True,False,False,True
60.0,51597.21,18083.87,3.0,15.4,0,False,False,False,False
23.0,28461.73,25020.74,4.0,11.49,0,False,False,False,False
19.0,62595.63,20343.3,3.0,16.37,0,False,False,True,False
46.0,40044.58,15169.52,7.0,9.4,0,False,False,False,False
37.0,57021.68,32503.85,4.0,20.66,0,True,False,True,False
53.0,77431.1,20491.99,3.0,0.5,1,True,False,False,False
76.0,76239.99,12084.32,2.0,5.9,1,True,False,False,False
71.0,101737.99,21021.57,4.0,14.94,0,True,False,True,False
51.0,66006.91,18354.77,3.0,2.93,1,True,False,True,False
57.0,39333.37,7960.11,1.0,16.42,0,True,False,False,False
68.0,54878.06,15600.12,2.0,4.7,0,True,False,False,False
45.0,51612.32,13643.01,3.0,12.56,0,False,False,False,True
58.0,45643.5,0.0,3.0,6.51,0,False,False,False,False
31.0,78707.34,13581.99,4.0,9.35,0,False,False,False,False
55.0,57095.35,12671.56,2.0,13.05,0,False,True,False,False
32.0,30452.54,11394.89,3.0,11.37,0,True,False,False,False
29.0,83938.46,1471.23,5.0,9.71,1,False,False,False,False
65.0,67771.47,12082.8,7.0,24.92,1,False,False,False,True
53.0,77136.75,14673.58,2.0,12.05,1,False,False,False,False
41.0,72114.43,15838.36,3.0,6.18,1,False,True,False,True
20.0,82633.09,5661.12,2.0,17.57,1,False,False,True,False
32.0,70760.37,20201.81,4.0,16.92,1,True,False,False,False
67.0,94724.05,5002.63,2.0,19.34,1,True,False,False,False
47.0,78499.66,13159.67,4.0,22.72,1,True,False,True,False
77.0,77841.35,25733.27,1.0,6.36,1,False,False,True,False
73.0,78197.34,9305.94,1.0,18.36,1,False,False,False,False
70.0,40867.25,10799.99,2.0,18.84,0,False,False,False,False
18.0,66707.28,23826.82,3.0,12.0,1,True,False,False,True
21.0,64813.67,11842.29,0.0,13.47,1,True,False,True,False
53.0,74150.93,12557.95,3.0,0.5,1,False,False,True,False
38.0,42826.12,16818.87,1.0,8.56,0,False,False,False,True
70.0,102682.3,23627.35,4.0,22.73,1,True,False,False,False
37.0,72087.77,0.0,3.0,1.28,1,True,False,False,False
27.0,45773.65,8190.63,2.0,8.79,0,True,False,False,True
24.0,35822.26,6720.69,4.0,13.73,0,False,False,False,False
36.0,64374.25,6084.69,2.0,15.45,0,False,False,False,False
56.0,68206.49,7977.73,5.0,21.79,1,True,False,False,True
25.0,55634.16,8107.61,1.0,1.42,1,False,False,False,True
67.0,71842.28,17473.73,2.0,12.26,0,True,False,False,True
36.0,57176.48,7702.98,5.0,17.16,1,True,False,True,False
37.0,81033.17,16004.67,3.0,4.12,0,True,False,False,False
59.0,55509.16,18291.36,8.0,11.76,1,False,False,True,False
71.0,69230.0,9015.57,7.0,23.31,0,False,False,False,False
45.0,89576.78,16071.01,0.0,19.9,0,False,False,False,False
67.0,121433.38,28420.15,2.0,15.24,0,False,False,False,False
36.0,49847.14,17640.43,1.0,0.5,1,True,False,True,False
26.0,60709.84,9776.16,6.0,11.22,0,True,False,False,True
69.0,53203.29,14467.84,2.0,14.32,0,True,False,True,False
65.0,85686.57,7496.46,2.0,10.15,1,False,False,False,False
64.0,47038.01,17217.09,2.0,11.61,1,True,False,True,False
72.0,60312.86,22059.59,2.0,30.5,1,True,False,False,False
48.0,69407.97,8296.45,1.0,10.71,0,False,False,False,True
30.0,50426.43,13288.45,2.0,6.18,0,False,True,False,False
54.0,50853.5,24098.37,4.0,13.46,0,False,False,False,False
53.0,60487.54,10932.11,3.0,10.11,0,True,False,False,False
41.0,27991.2,16536.82,2.0,10.14,0,True,False,False,False
57.0,41090.44,6630.95,4.0,11.48,0,False,False,False,False
34.0,61739.32,8305.71,5.0,16.64,0,False,True,False,False
55.0,72964.61,10812.29,2.0,13.43,0,True,False,False,False
67.0,66284.8,32410.56,3.0,4.79,1,False,False,True,False
23.0,34520.63,11727.6,1.0,11.2,0,False,False,False,True
46.0,60724.27,10760.33,1.0,14.85,1,True,False,False,True
58.0,85968.75,10494.45,1.0,9.19,1,True,False,True,False
21.0,81117.31,13675.18,2.0,18.89,1,True,False,False,False
57.0,68425.04,20247.44,3.0,16.66,0,True,False,False,False
74.0,52252.6,16515.92,2.0,6.06,1,False,False,True,False
69.0,82624.33,31462.52,2.0,13.92,0,False,False,False,False
60.0,58421.42,16710.36,6.0,23.9,0,True,False,False,False
67.0,46615.03,26579.23,1.0,21.36,0,False,False,True,False
40.0,53956.28,17213.69,1.0,11.66,0,False,False,False,False
38.0,98966.91,19844.65,3.0,17.39,1,False,False,False,True
23.0,74403.6,3451.2,4.0,7.96,1,False,False,True,False
62.0,93184.94,13983.52,2.0,3.31,1,True,False,True,False
37.0,60413.27,14448.42,1.0,15.33,0,False,False,False,True
71.0,88762.99,13056.34,1.0,13.48,0,True,False,False,False
46.0,57969.92,0.0,6.0,15.08,0,False,False,False,False
73.0,66851.45,22045.0,4.0,11.85,0,True,False,True,False
26.0,119727.01,11902.8,1.0,13.96,1,False,False,False,True
28.0,85342.97,11495.43,2.0,8.92,0,False,False,False,False
39.0,59976.59,12958.63,1.0,14.84,0,True,False,True,False
19.0,68303.62,13175.37,0.0,17.0,0,False,False,False,True
48.0,76524.47,18256.79,2.0,11.65,0,True,False,False,False
58.0,94209.15,4831.74,1.0,16.88,1,False,False,True,False
59.0,60217.34,7551.66,3.0,1.37,1,False,False,True,False
31.0,35173.62,17325.07,2.0,7.28,0,False,False,False,False
28.0,64407.16,16164.66,2.0,20.67,0,False,False,True,False
52.0,70307.71,11986.76,2.0,22.57,1,False,False,False,True
57.0,72190.76,10408.7,4.0,13.5,1,True,False,False,False
76.0,96333.8,8324.6,0.0,11.38,0,True,False,False,False
73.0,76333.74,14533.16,2.0,4.39,1,False,False,True,False
41.0,86258.34,24445.86,5.0,14.18,0,False,True,False,False
28.0,47977.73,6535.59,3.0,16.67,1,True,False,False,True
33.0,87358.03,27186.54,2.0,3.11,1,False,False,False,False
72.0,111924.4,21751.85,5.0,15.35,1,True,False,False,True
46.0,85458.19,14836.05,4.0,14.94,0,False,False,False,True
79.0,75071.11,21264.6,3.0,14.65,0,True,False,False,True
58.0,73079.76,3272.77,3.0,5.23,0,False,False,False,True
54.0,105742.84,1147.4,3.0,15.25,1,True,False,True,False
24.0,51456.37,4681.74,3.0,3.01,0,False,False,False,False
54.0,67777.95,11722.03,2.0,20.93,1,True,False,True,False
41.0,79204.15,12396.72,2.0,12.81,0,True,False,True,False
70.0,84880.02,10878.86,5.0,5.02,1,False,False,False,False
26.0,61253.44,15795.38,2.0,20.07,0,True,False,True,False
29.0,76146.43,0.0,3.0,18.92,0,False,True,False,False
59.0,64441.57,18962.8,4.0,8.1,0,False,False,True,False
60.0,72409.42,3645.6,3.0,25.22,1,False,True,False,False
69.0,67358.17,9713.2,2.0,5.98,1,True,False,False,False
50.0,47168.13,11697.2,2.0,13.88,1,False,False,False,True
41.0,69577.73,5750.31,2.0,19.09,1,True,False,True,False
36.0,87543.03,4032.0,2.0,0.5,0,True,False,False,False
41.0,50659.63,6951.35,7.0,18.01,1,True,False,True,False
59.0,65178.17,14904.61,1.0,11.61,1,True,False,False,True
51.0,83295.6,19719.86,1.0,11.91,1,False,False,True,False
36.0,48602.7,19513.88,2.0,5.54,1,True,False,True,False
31.0,73652.77,7044.07,3.0,13.99,1,True,False,False,False
62.0,48797.4,14836.05,5.0,5.34,0,False,False,True,False
33.0,92692.61,7635.17,2.0,6.19,0,True,False,False,False
30.0,116256.43,18598.5,0.0,9.31,1,True,False,False,True
38.0,110445.11,0.0,1.0,4.64,0,False,False,True,False
70.0,65616.39,24906.71,4.0,21.44,1,False,False,False,False
46.0,84803.98,11121.56,1.0,4.03,0,False,False,False,True
54.0,72419.95,8731.8,3.0,7.47,0,False,False,True,False
23.0,72042.12,17715.63,2.0,10.1,0,False,False,False,False
39.0,100955.14,23260.95,6.0,12.02,0,True,False,False,False
64.0,43616.41,17740.67,4.0,16.75,0,False,True,False,False
65.0,91105.89,23421.96,3.0,16.91,0,False,False,True,False
53.0,69020.48,16074.87,1.0,10.18,1,False,False,False,False
72.0,98170.81,24837.11,2.0,9.7,0,True,False,False,False
36.0,73744.67,24961.28,0.0,12.21,0,True,False,True,False
28.0,56546.56,14204.17,2.0,16.93,0,False,False,False,False
22.0,75542.81,26513.65,1.0,16.18,1,True,False,False,False
30.0,84719.34,16317.87,0.0,8.9,1,False,False,False,False
65.0,70715.27,15695.15,3.0,0.5,1,True,False,False,False
74.0,79760.77,7628.21,4.0,24.86,0,False,False,True,False
26.0,59566.5,12689.76,1.0,17.71,1,False,False,False,False
49.0,27322.32,21220.66,1.0,13.58,0,False,False,False,True
26.0,88000.47,4498.82,2.0,14.04,1,True,False,False,False
70.0,83983.19,20196.99,2.0,8.87,0,False,False,False,False
26.0,72963.57,17788.93,2.0,5.99,0,True,False,False,False
57.0,71368.21,17220.49,3.0,10.01,1,False,False,False,True
23.0,90725.92,0.0,4.0,10.67,1,False,False,True,False
63.0,60857.87,14174.06,2.0,8.25,1,False,False,False,False
74.0,55869.32,20186.08,4.0,3.26,1,False,False,False,False
63.0,66229.0,8896.36,6.0,10.12,1,True,False,False,False
34.0,93781.94,15722.45,1.0,15.46,1,False,False,True,False
70.0,42257.74,0.0,3.0,9.03,0,False,True,True,False
36.0,93836.6,20371.14,2.0,12.08,1,False,False,True,False
64.0,57214.94,9700.54,1.0,0.5,0,False,False,False,False
69.0,47985.13,21970.86,2.0,10.75,0,True,False,False,False
48.0,95201.24,257.71,3.0,11.27,1,False,False,True,False
56.0,68062.2,20538.14,2.0,4.64,0,False,False,False,False
71.0,43995.31,13104.49,0.0,1.62,0,True,False,True,False
29.0,62825.34,21460.83,7.0,14.47,1,False,False,True,False
19.0,88621.05,7594.32,2.0,7.14,1,False,False,True,False
44.0,93841.48,10052.34,1.0,14.93,1,False,False,False,False
29.0,61458.03,32939.61,2.0,9.48,1,False,False,False,False
72.0,78126.42,8360.38,1.0,15.74,0,True,False,False,True
71.0,84281.69,9351.78,3.0,9.97,1,False,True,False,True
41.0,57107.47,12787.34,2.0,2.96,1,False,False,True,False
37.0,77100.72,6819.53,4.0,11.48,0,False,False,True,False
62.0,69362.44,24523.65,0.0,10.03,0,False,False,False,False
46.0,59279.51,28800.11,5.0,15.94,0,True,False,False,True
24.0,60157.04,9367.15,3.0,9.3,0,True,False,True,False
59.0,71340.69,1191.74,3.0,9.64,0,True,False,False,False
63.0,70597.07,24375.82,4.0,17.16,1,False,False,True,False
22.0,58690.2,23867.12,2.0,19.0,0,False,False,False,False
66.0,61481.1,21573.27,1.0,16.56,0,False,False,False,False
51.0,92266.74,24252.09,1.0,18.23,1,True,False,False,True
69.0,74276.54,8059.8,1.0,14.73,0,False,False,False,False
70.0,87701.89,13652.03,5.0,16.62,1,False,False,True,False
59.0,94036.44,3927.12,4.0,17.27,0,True,False,True,False
38.0,81776.85,3654.7,4.0,14.42,1,False,False,False,True
40.0,115417.73,22848.81,3.0,12.38,0,False,False,False,False
62.0,53493.92,9624.69,2.0,12.85,1,True,False,True,False
21.0,86168.19,33236.57,2.0,26.43,0,True,False,False,False
32.0,63637.12,15593.44,4.0,12.08,0,False,False,False,False
50.0,107115.67,9876.6,3.0,10.58,0,False,False,False,False
76.0,104008.8,21383.08,2.0,9.81,1,True,False,True,False
64.0,30915.78,29410.1,5.0,11.8,0,False,False,False,False
68.0,50622.68,18889.05,3.0,13.47,1,True,False,True,False
29.0,83286.26,5262.84,2.0,5.21,1,False,False,False,False
35.0,85797.34,17968.02,3.0,0.5,1,True,False,False,False
34.0,84731.28,26004.78,4.0,13.77,1,False,True,False,True
64.0,68582.69,11054.07,3.0,2.36,0,False,False,False,False
51.0,79102.42,8810.86,3.0,13.55,0,False,False,True,False
31.0,83060.43,23131.58,3.0,12.84,1,False,False,False,False
64.0,68442.57,16119.74,3.0,18.92,1,False,False,False,False
57.0,68425.04,6179.66,2.0,22.02,1,True,False,False,False
73.0,24810.06,11962.03,5.0,14.21,1,True,False,False,True
52.0,82675.87,8954.7,5.0,8.68,0,True,False,False,False
25.0,49318.95,17370.15,4.0,4.95,0,True,False,True,False
73.0,89173.56,15877.48,2.0,7.25,0,True,False,False,False
29.0,65426.31,24203.58,5.0,12.24,0,False,False,True,False
21.0,52224.25,20677.32,1.0,0.5,0,False,False,True,False
67.0,77478.04,2491.73,2.0,12.45,0,False,False,False,False
45.0,51773.33,18255.92,4.0,11.93,0,False,False,False,True
57.0,51744.64,22175.46,4.0,15.87,0,False,False,False,False
26.0,38654.11,18647.03,1.0,9.99,1,False,False,False,False
62.0,69465.84,23240.48,3.0,12.61,0,True,False,False,False
43.0,79936.47,10603.38,1.0,7.58,1,False,False,False,True
79.0,90460.52,7393.35,2.0,9.22,0,False,True,False,True
57.0,67165.44,22440.56,4.0,1.36,1,True,False,False,False
76.0,90957.1,6476.28,1.0,12.74,0,False,False,False,False
67.0,70359.22,0.0,1.0,21.29,0,False,False,True,False
70.0,68134.23,23202.4,6.0,12.98,0,False,False,False,False
23.0,81471.26,9206.52,1.0,14.2,1,False,False,False,True
66.0,91167.86,12551.47,2.0,6.11,0,False,False,False,False
55.0,63171.31,3816.17,3.0,20.59,0,True,False,False,False
42.0,65124.77,4395.78,6.0,7.4,0,False,False,False,False
37.0,66783.37,5747.29,1.0,16.81,0,False,False,False,False
57.0,71655.38,12114.8,1.0,12.64,1,True,False,False,False
30.0,51991.84,17959.99,1.0,6.25,0,False,False,False,False
29.0,90560.12,0.0,4.0,18.16,1,False,False,False,True
72.0,61991.81,21017.39,0.0,12.09,0,False,False,True,False
65.0,79248.87,5544.01,3.0,13.07,0,False,False,False,False
54.0,53490.55,6469.51,0.0,14.71,1,False,False,False,True
64.0,77176.08,20422.84,5.0,11.87,1,True,False,False,False
37.0,77831.86,14402.93,1.0,9.73,0,True,False,False,True
62.0,61586.37,2708.53,2.0,14.8,0,True,False,False,False
30.0,110417.79,29756.74,2.0,9.57,0,False,False,False,False
45.0,77420.8,8115.03,2.0,12.39,1,False,False,True,False
27.0,105538.58,16978.53,2.0,7.99,1,False,False,False,False
41.0,89182.78,16599.12,0.0,3.06,0,True,False,False,False
39.0,56754.5,26290.62,1.0,7.96,0,True,False,True,False
44.0,62356.26,11354.65,2.0,9.03,1,False,False,True,False
47.0,78722.04,23064.72,5.0,12.09,0,True,False,False,False
20.0,71223.45,9064.88,3.0,19.11,0,False,False,False,True
39.0,70989.22,23977.03,2.0,1.86,1,False,False,True,False
70.0,64275.9,8896.12,3.0,12.77,1,False,False,True,False
44.0,33830.47,12102.33,4.0,0.5,0,False,False,True,False
51.0,65491.35,30167.73,3.0,5.72,0,False,False,False,False
24.0,25637.57,17535.77,5.0,8.96,0,True,False,True,False
42.0,77436.39,15878.07,2.0,0.5,0,False,False,False,False
78.0,55478.84,32936.39,3.0,0.85,1,False,False,False,False
51.0,55691.67,17890.85,1.0,12.92,0,True,False,True,False
19.0,65613.92,8470.9,2.0,12.47,0,False,False,False,False
62.0,75453.45,20877.02,1.0,11.32,1,True,False,False,False
65.0,41359.88,5546.55,2.0,7.18,0,False,True,True,False
41.0,35027.98,24026.53,3.0,24.93,0,True,False,False,True
19.0,48678.68,24647.82,2.0,11.03,0,False,False,False,False
69.0,29165.45,10416.33,1.0,6.83,0,True,False,False,False
33.0,50663.01,9976.79,5.0,22.07,1,False,False,False,False
75.0,101817.66,16412.03,1.0,15.69,1,True,False,True,False
40.0,48868.28,15113.24,1.0,9.77,0,False,False,True,False
42.0,83028.1,7178.5,0.0,19.16,1,True,False,False,False
67.0,42567.3,19544.7,7.0,12.94,0,False,False,False,False
26.0,75982.4,0.0,1.0,15.86,0,False,False,True,False
19.0,63605.32,11537.12,2.0,13.41,0,True,False,True,False
65.0,68803.74,11768.47,3.0,5.83,1,False,False,True,False
75.0,81375.55,12813.88,2.0,17.83,0,True,False,True,False
79.0,105124.8,17457.79,2.0,12.96,1,False,False,False,True
25.0,73894.13,5175.82,4.0,5.94,0,False,False,False,False
27.0,72487.18,19708.12,5.0,7.42,0,True,False,False,True
38.0,50532.65,13558.77,4.0,17.73,0,False,False,False,False
62.0,81666.79,9798.27,3.0,9.78,0,True,False,False,False
74.0,65078.55,4065.39,5.0,12.28,1,True,False,False,False
69.0,86640.14,5535.13,2.0,15.93,1,False,True,False,False
41.0,69125.87,17882.6,5.0,12.77,0,True,False,False,True
75.0,104817.11,7289.21,5.0,2.84,1,True,False,False,True
33.0,30341.67,15513.59,6.0,15.82,0,True,False,False,False
25.0,64068.01,23495.86,6.0,17.63,0,False,False,False,False
44.0,87629.63,23261.14,6.0,17.2,1,False,True,False,False
23.0,62986.16,27483.18,2.0,21.7,0,True,False,False,True
60.0,54156.54,12629.65,0.0,14.19,1,False,False,False,False
79.0,64682.39,6318.81,5.0,16.66,0,False,False,False,False
24.0,42401.43,23164.2,5.0,21.54,0,False,False,False,True
25.0,72379.08,17476.83,4.0,10.26,1,True,False,True,False
29.0,118809.24,23991.61,6.0,22.42,0,False,False,False,False
28.0,92900.63,15088.45,4.0,22.41,1,False,True,False,True
51.0,47819.82,24565.17,5.0,16.7,0,True,False,True,False
53.0,52533.18,21771.1,1.0,23.04,0,True,False,False,False
76.0,61905.44,20731.37,2.0,17.11,0,False,False,False,True
45.0,90088.32,19028.18,6.0,6.72,1,True,False,False,False
75.0,53570.26,18181.59,5.0,18.82,0,True,False,False,False
64.0,56195.37,16864.29,3.0,13.96,1,False,False,False,True
71.0,87694.99,16807.25,1.0,14.48,0,True,False,False,False
29.0,87293.05,22921.56,2.0,12.93,1,False,False,True,False
46.0,62523.71,10904.16,1.0,20.16,0,True,False,True,False
74.0,47644.73,28885.48,1.0,15.31,1,False,False,False,False
64.0,39005.1,14150.06,4.0,7.83,1,True,False,False,True
31.0,56020.2,22883.06,1.0,14.91,0,False,False,True,False
70.0,25389.42,14278.07,6.0,16.38,1,False,False,False,False
65.0,84996.4,13026.67,1.0,7.65,0,False,False,True,False
27.0,57399.39,31257.93,3.0,9.39,0,False,False,False,False
22.0,79625.87,12525.24,2.0,9.7,0,False,False,False,True
34.0,107366.5,14836.05,4.0,8.36,1,True,False,True,False
47.0,93459.91,9287.34,2.0,14.09,1,False,False,False,False
27.0,46977.3,12462.18,5.0,18.11,0,True,False,True,False
20.0,87384.98,32241.53,2.0,23.35,1,False,False,True,False
24.0,93157.14,16654.05,3.0,19.17,0,False,False,True,False
37.0,55072.87,22477.71,3.0,18.13,1,True,False,False,False
42.0,50934.06,6987.2,3.0,18.86,0,False,False,False,False
37.0,67806.16,17820.87,4.0,20.01,0,False,False,False,True
45.0,37971.53,20371.83,4.0,9.74,0,True,False,False,True
62.0,99414.7,29413.02,2.0,16.16,1,False,False,False,False
33.0,21892.72,9429.84,2.0,13.93,0,False,False,False,False
46.0,47863.85,19827.92,4.0,11.22,0,True,False,False,False
63.0,64608.7,17420.67,2.0,9.27,1,True,False,False,False
21.0,65458.26,6826.28,1.0,8.97,1,False,False,False,True
76.0,73322.48,14844.35,2.0,10.39,0,True,False,True,False
79.0,75428.97,12892.2,2.0,4.59,0,False,False,True,False
35.0,65727.76,0.0,2.0,15.13,0,False,False,True,False
73.0,92737.73,19789.35,2.0,11.87,1,False,False,False,False
33.0,27212.48,19321.95,3.0,12.64,0,True,False,False,False
74.0,69996.71,11488.52,5.0,14.03,1,False,False,False,False
58.0,55708.31,4291.5,2.0,16.35,0,False,False,False,False
33.0,72650.27,26839.05,1.0,8.45,0,True,False,True,False
21.0,74415.2,17127.99,4.0,11.36,1,False,False,False,True
42.0,51763.42,23133.61,0.0,2.35,0,False,False,False,True
64.0,57181.02,26282.57,7.0,0.5,1,False,False,True,False
32.0,85851.73,10832.75,4.0,0.5,1,False,True,False,False
49.0,76981.13,21497.24,4.0,21.22,1,True,False,False,False
25.0,56395.03,13070.81,4.0,1.04,0,False,False,True,False
44.0,110797.82,14499.61,3.0,14.83,1,False,False,False,False
20.0,116183.55,14315.08,5.0,20.86,1,True,False,True,False
79.0,40750.75,14989.45,3.0,9.25,1,False,False,True,False
49.0,76035.9,23911.68,5.0,21.78,0,True,False,False,False
70.0,120179.89,15990.62,5.0,23.08,1,False,False,False,True
25.0,85677.97,13770.14,8.0,17.67,1,False,False,False,False
28.0,74421.2,12787.7,5.0,26.24,0,False,False,False,False
28.0,65838.86,17730.51,1.0,15.74,0,True,False,False,True
53.0,59176.11,7841.06,3.0,7.63,1,True,False,True,False
71.0,65749.71,10978.73,3.0,15.14,1,False,False,False,True
55.0,58985.41,14581.76,3.0,9.36,1,False,False,False,True
48.0,84898.17,10473.21,5.0,4.2,1,True,False,False,False
76.0,62036.93,14052.19,5.0,4.37,0,True,False,True,False
29.0,61176.97,10113.79,0.0,25.9,0,False,False,False,False
28.0,45956.79,31031.66,5.0,8.78,0,True,False,False,False
59.0,69008.2,25632.49,4.0,11.89,0,False,False,False,False
70.0,52117.57,18599.62,2.0,8.06,0,True,False,False,False
34.0,66385.0,14571.05,4.0,12.87,1,False,False,True,False
34.0,90836.31,32526.11,2.0,10.62,1,False,False,True,False
50.0,77318.5,17583.62,1.0,9.59,0,False,False,False,True
66.0,80094.51,14305.24,2.0,4.79,0,False,False,False,False
35.0,77121.82,17425.01,3.0,3.58,0,False,False,True,False
69.0,71183.51,17447.55,1.0,7.6,0,True,False,False,False
50.0,67453.44,26282.54,3.0,13.83,1,False,False,False,False
61.0,63843.88,14848.28,6.0,24.53,0,True,False,True,False
56.0,85182.34,31794.6,3.0,18.4,1,True,False,False,False
47.0,48315.2,7943.83,4.0,23.02,0,False,False,False,True
51.0,96814.45,20552.4,3.0,15.0,1,False,False,False,False
79.0,70681.56,6985.39,3.0,11.57,0,False,False,False,False
42.0,55025.99,29536.81,3.0,4.14,0,True,False,False,True
76.0,60217.08,12355.48,1.0,12.11,1,False,False,False,True
67.0,56460.19,14534.49,3.0,0.5,1,False,False,False,False
29.0,73204.13,22393.9,8.0,12.08,1,True,False,False,False
72.0,55643.14,25042.73,1.0,21.87,0,True,False,True,False
41.0,92842.62,6104.99,5.0,14.08,0,False,False,False,False
29.0,54367.22,12230.73,4.0,18.88,0,True,False,False,False
33.0,24549.56,3840.61,4.0,9.82,0,True,False,True,False
26.0,55380.03,16098.44,4.0,3.86,1,True,False,True,False
39.0,29829.58,14189.02,1.0,9.25,0,True,False,False,False
25.0,69202.62,12208.53,4.0,9.74,0,False,False,False,False
51.0,91183.16,9524.31,3.0,19.36,1,True,False,False,False
78.0,82955.2,11912.75,2.0,23.98,0,False,False,True,False
77.0,43248.21,9028.84,2.0,7.69,0,False,False,False,False
76.0,54754.89,19231.69,5.0,9.98,0,False,False,False,True
33.0,105572.67,27127.6,4.0,11.26,0,False,False,False,False
32.0,76370.23,0.0,3.0,10.04,1,False,False,True,False
60.0,70082.37,14072.26,0.0,4.68,1,True,False,True,False
78.0,91121.25,11654.63,0.0,12.7,1,False,False,False,True
69.0,119054.82,18938.95,4.0,14.32,1,True,False,True,False
30.0,95931.47,7385.86,4.0,14.46,1,False,False,False,True
63.0,72788.31,13828.51,3.0,4.91,1,False,False,True,False
49.0,77093.76,6683.26,2.0,11.47,1,True,False,False,False
45.0,82341.6,20573.58,4.0,1.71,1,True,False,False,False
48.0,57746.03,15794.2,4.0,17.64,0,False,False,True,False
51.0,48825.61,13708.2,9.0,6.04,1,False,False,True,False
74.0,71048.98,17961.5,2.0,10.51,0,True,False,True,False
67.0,51055.78,13028.13,4.0,9.47,1,False,False,True,False
20.0,68770.75,2569.43,3.0,8.66,0,False,False,False,False
65.0,71922.46,19765.84,2.0,5.81,1,False,False,True,False
37.0,116820.75,17306.16,3.0,1.56,0,True,False,True,False
38.0,52979.0,13767.36,3.0,22.57,0,False,False,False,False
55.0,67564.22,22879.4,3.0,13.71,1,False,False,False,False
79.0,66713.94,24747.96,2.0,13.77,1,False,False,True,False
22.0,78746.21,6261.74,3.0,24.77,1,False,False,True,False
49.0,90934.49,8751.39,4.0,11.57,1,False,False,False,False
32.0,60190.33,27378.28,4.0,15.49,0,True,False,True,False
74.0,53572.96,26350.81,3.0,12.31,1,True,False,True,False
46.0,37185.79,9092.85,3.0,19.3,1,False,False,False,False
71.0,51475.91,5554.32,6.0,15.19,0,True,False,False,False
72.0,80728.82,9899.46,2.0,12.08,1,True,False,True,False
24.0,70912.94,11015.07,3.0,10.65,0,False,False,False,True
65.0,49691.32,2327.47,6.0,13.87,1,True,False,True,False
67.0,62544.65,15249.34,2.0,19.17,1,False,False,False,False
69.0,70629.46,4758.57,2.0,0.5,0,True,False,True,False
79.0,80073.58,5316.88,2.0,11.42,1,False,False,True,False
65.0,58132.11,22328.85,1.0,9.68,0,False,False,False,True
69.0,64991.2,9534.49,2.0,10.39,0,False,False,False,False
61.0,33631.31,14428.23,2.0,0.5,0,False,False,True,False
36.0,46972.28,20032.77,2.0,16.58,0,False,False,False,False
70.0,102354.31,21505.79,2.0,7.12,1,False,False,False,True
61.0,26237.19,12303.84,2.0,10.83,1,True,False,True,False
60.0,63243.95,15352.94,2.0,9.17,0,True,False,False,False
78.0,74383.96,8396.75,2.0,2.18,1,False,False,True,False
63.0,62513.02,28979.04,8.0,9.52,1,True,False,True,False
39.0,53836.85,20199.6,4.0,1.14,0,False,False,False,False
36.0,68778.43,6174.08,1.0,6.54,0,True,False,False,False
38.0,69900.69,15032.46,3.0,10.31,0,False,False,False,False
28.0,68357.65,20708.41,2.0,12.17,0,True,False,True,False
23.0,32445.76,18835.29,2.0,12.53,0,False,False,False,False
64.0,67051.93,29633.36,1.0,11.37,0,False,False,False,False
66.0,52897.75,25978.55,2.0,25.02,1,True,False,False,False
28.0,59045.28,10685.55,5.0,14.81,1,False,False,True,False
42.0,74539.5,14286.56,2.0,4.87,1,False,False,True,False
75.0,82814.58,4747.67,0.0,8.53,0,False,False,True,False
69.0,87935.55,16995.62,4.0,8.25,1,False,False,False,False
54.0,60071.74,16208.17,2.0,11.13,1,True,False,False,False
